gene,fc,repeat,abs_ref,abs_alt
LRRC20,1.0085366210526727,10,650.1847873748156,655.735168518847
NPFFR1,0.9899863182766027,10,23.73140053296526,23.493761841177683
PPA1,0.8449539510203455,10,9391.436259575694,7935.331173284218
SAR1A,0.9861851818408047,10,4267.464996130098,4208.51074320783
TYSND1,1.001484895739614,10,1144.925155818598,1146.6252503046499
LRRC20,1.0061549435572863,7,650.1847873748156,654.1866380429138
NPFFR1,0.9845391734474035,7,23.739353061774715,23.372323041615765
PPA1,0.8321344491279821,7,9411.284847307299,7831.454332000584
SAR1A,0.9858458552201431,7,4267.464996130098,4207.0626787319015
TYSND1,0.9946870211579193,7,1144.925155818598,1138.8421926899678
LRRC20,1.0061406829560362,9,650.1847873748156,654.1773660169222
NPFFR1,0.9940588846209346,9,23.73140053296526,23.5904095442921
PPA1,0.8305047727937523,9,9391.436259575694,7799.632636965919
SAR1A,1.0056730602030448,9,4267.464996130098,4291.674581967531
TYSND1,0.999312810424372,9,1144.925155818598,1144.1383751866451
LRRC20,1.008600461573258,11,650.1847873748156,655.7766766541497
NPFFR1,1.0052935498950193,11,23.73140053296526,23.8570238857652
PPA1,0.8162912114639458,11,9391.436259575694,7666.146881715471
SAR1A,0.9730057199228628,11,4267.464996130098,4152.267850805183
TYSND1,0.9962484429457575,11,1144.925155818598,1140.629903773707
LRRC20,1.0046668171132673,8,650.1847873748156,653.2190808673225
NPFFR1,0.9968742640411943,8,23.73140053296526,23.65722244096655
PPA1,0.836502012751876,8,9411.700496472738,7872.906408717276
SAR1A,0.9929530244811097,8,4267.464996130098,4237.392274774648
TYSND1,1.003065762168529,8,1144.925155818598,1148.4352240471037
LRRC20,26.30433090420194,1,25.134590421172703,661.1485835801112
NPFFR1,0.5841191967495963,1,42.88039226898809,25.047260288468923
PPA1,0.9435632476544612,1,9175.181308274336,8657.36387305384
SAR1A,0.9956965221297687,1,4267.464996130098,4249.1000549572655
TYSND1,1.002033217574632,1,1144.925155818598,1147.2530377670466
LRRC20,25.971157779077163,6,25.07951684990777,651.344089131979
NPFFR1,0.5541913611585038,6,41.945877751868075,23.246043086295966
PPA1,0.9263921745376757,6,9175.18133280284,8499.816186672713
SAR1A,1.0051462819857218,6,4267.464996130098,4289.426574364381
TYSND1,1.0046962728390905,6,1144.925155818598,1150.3020367306601
LRRC20,24.780144506170128,2,25.134590421172703,622.8387827400591
NPFFR1,0.551018670519061,2,42.88039226898809,23.627896739393638
PPA1,0.9331826852191974,2,9175.181308274336,8562.120330628433
SAR1A,0.9851693715740572,2,4267.464996130098,4204.175808451775
TYSND1,1.002442107345262,2,1144.925155818598,1147.7211859513977
LRRC20,25.899207645826102,12,25.079910612334523,649.5498126876095
NPFFR1,0.5428494320603976,12,43.53382809203593,23.632313855176687
PPA1,0.8821424417455423,12,9175.179152349398,8093.8149409062935
SAR1A,0.9841584949748581,12,4267.464996130098,4199.861927949286
TYSND1,1.0045279604222117,12,1144.925155818598,1150.1093316105391
LRRC20,24.453246506401637,3,25.134590421172703,614.6223354063775
NPFFR1,0.5779339051689147,3,42.88039226898809,24.782032559191226
PPA1,0.9479151680030319,3,9175.181308274336,8697.293531291145
SAR1A,0.9773510406099138,3,4267.464996130098,4170.811354734134
TYSND1,0.9967944360158615,3,1144.925155818598,1141.2550249745716
LRRC20,24.942559173774306,4,25.135042017052385,626.9322728456326
NPFFR1,0.5213877481990243,4,43.748662459281704,22.810016606364076
PPA1,0.9769258997944252,4,9175.181277527714,8963.472225325726
SAR1A,0.9925592473621992,4,4267.464996130098,4235.711844703421
TYSND1,1.0029310259675912,4,1144.925155818598,1148.2809611812506
